filename,is_single,box,NFIQ2,minutiae_count,singularities_count,cluster_count,solidity,coverage,sharpness,orientation_std,contrast,bg_noise,ridge_frequency
90120130740101.bmp,false,"[np.int32(0), np.int32(572), np.int32(40), np.int32(690)]",54,100,0,6,0.6067037554428187,0.5992415277030662,608.1144159680267,99.88768768310547,63.155635883851296,0.011728944437995244,0.0
90120130740102.bmp,false,"[np.int32(184), np.int32(611), np.int32(90), np.int32(692)]",75,100,0,1,0.42659281339276156,0.28902861767760063,556.444573685482,99.87737274169922,62.84270739913544,0.3205508291422789,0.0
90120130740103.bmp,false,"[np.int32(145), np.int32(611), np.int32(75), np.int32(694)]",60,97,0,3,0.6494655051760334,0.574690923067068,635.7710315348617,100.64306640625,67.74046278076214,0.010055230371199472,0.0
90120130740104.bmp,false,"[np.int32(220), np.int32(611), np.int32(56), np.int32(696)]",56,100,0,3,0.7986945667983619,0.769013979589303,738.3802944408503,100.41246795654297,66.66094354532949,0.009194364926036128,0.0
90120130740105.bmp,false,"[np.int32(200), np.int32(612), np.int32(214), np.int32(698)]",70,91,0,1,0.7547212274488071,0.6726911658509187,704.7452206782648,100.86174774169922,67.45028494920685,0.0,0.0
90120130740106.bmp,true,"[np.int32(93), np.int32(654), np.int32(32), np.int32(768)]",49,100,0,6,0.49012445625438195,0.4640889651782898,793.8106682617954,98.0234375,70.87786344377129,0.003340935708561918,0.0
90120130740107.bmp,false,"[np.int32(58), np.int32(578), np.int32(70), np.int32(768)]",56,100,0,4,0.6220282475601625,0.40889058901347614,843.6389067609687,98.28018951416016,67.93188118112293,0.017459128175550752,0.0
90120130740108.bmp,true,"[np.int32(101), np.int32(611), np.int32(42), np.int32(665)]",54,100,0,4,0.5514232917677594,0.34510567296996664,933.9771269545616,100.32345581054688,64.18097801302548,0.0013294638369623372,0.0
90120130740109.bmp,false,"[np.int32(146), np.int32(580), np.int32(103), np.int32(652)]",78,86,0,4,0.7854508901551006,0.6841079780588287,941.6149154912118,102.55646514892578,63.827663678756004,0.0,0.0
90120130740110.bmp,true,"[np.int32(121), np.int32(542), np.int32(147), np.int32(697)]",65,93,0,4,0.8076361314145527,0.6644774488893513,858.9668797551413,99.88379669189453,68.52354066016835,0.0,0.0
90120132577901.bmp,false,"[np.int32(0), np.int32(572), np.int32(71), np.int32(670)]",41,100,0,4,0.743128449383836,0.7260892047217339,574.2839199170797,102.72525024414062,63.425468228633555,0.0004632786788033326,0.0
90120132577902.bmp,false,"[np.int32(63), np.int32(611), np.int32(94), np.int32(661)]",40,100,0,2,0.8527949155766029,0.7086467634126764,421.33901018504736,102.66837310791016,71.24709562105203,0.16658736600520585,0.0
90120132577903.bmp,false,"[np.int32(0), np.int32(575), np.int32(78), np.int32(651)]",45,100,0,4,0.8085927845864045,0.6609608110769314,445.9849334572235,101.40458679199219,69.38675765730338,0.005931739761610401,0.0
90120132577904.bmp,true,"[np.int32(157), np.int32(611), np.int32(14), np.int32(642)]",24,100,0,3,0.7607554382942063,0.59466104548388,550.9413488624972,102.48262786865234,61.64933203434271,0.00008391521912913668,0.0
90120132577905.bmp,false,"[np.int32(155), np.int32(585), np.int32(165), np.int32(632)]",27,100,0,1,0.9047502308515767,0.7386845827439887,403.5688128697023,102.55390167236328,69.3700297167824,0.2948154925282098,0.0
90120132577906.bmp,false,"[np.int32(0), np.int32(670), np.int32(76), np.int32(768)]",42,100,0,1,0.7024655170999321,0.6529883429567491,731.5969636221779,101.51736450195312,69.97993810411143,0.0029763907667647582,0.0
90120132577907.bmp,true,"[np.int32(0), np.int32(513), np.int32(59), np.int32(768)]",45,100,0,4,0.6696258496900662,0.5779795830274637,779.3543267125646,100.35990905761719,63.283052856122495,0.006349795496557647,0.0
90120132577908.bmp,true,"[np.int32(2), np.int32(611), np.int32(79), np.int32(768)]",40,100,0,4,0.7451740567220579,0.7152854735808541,654.550637074796,102.8839111328125,68.51096922943233,0.0000729475680670284,0.0
90120132577909.bmp,false,"[np.int32(88), np.int32(563), np.int32(103), np.int32(768)]",27,100,0,4,0.8966018698705475,0.822615859338612,513.781052211883,102.82301330566406,69.25752895260807,0.003584695544735537,0.0
90120132577910.bmp,true,"[np.int32(109), np.int32(544), np.int32(148), np.int32(769)]",25,100,0,2,0.6774504049243114,0.605315087211639,551.5769150129804,102.39549255371094,70.68629875557558,0.0003674767131604595,0.0
90120142344401.bmp,true,"[np.int32(69), np.int32(608), np.int32(149), np.int32(684)]",78,99,0,5,0.5837035531651432,0.43979752082302126,1082.2212328134592,98.47061920166016,66.69005706511335,0.041284844601089395,0.0
90120142344402.bmp,true,"[np.int32(141), np.int32(530), np.int32(218), np.int32(684)]",79,81,0,2,0.805678340700442,0.6275843265560489,1058.7505934258334,101.04706573486328,65.78859117463621,0.0,0.0
90120142344403.bmp,true,"[np.int32(69), np.int32(457), np.int32(206), np.int32(668)]",55,100,0,1,0.6696760760487422,0.5532354666245572,1120.9855331888953,102.69226837158203,63.05689535111815,0.009108288247060474,0.0
90120142344404.bmp,true,"[np.int32(5), np.int32(411), np.int32(292), np.int32(684)]",4,100,0,2,0.8781904476103232,0.7323535997471089,1221.7615702881703,103.65650177001953,67.81299909248689,0.07951529598728645,0.0
90120142344405.bmp,true,"[np.int32(54), np.int32(429), np.int32(221), np.int32(676)]",3,100,0,1,0.7495582307140096,0.7145489241297625,816.1437336050858,103.18377685546875,73.48088026531339,0.004678780454607323,0.0
90120142344406.bmp,true,"[np.int32(101), np.int32(612), np.int32(121), np.int32(670)]",63,100,0,3,0.5170265454530422,0.31468154917669794,696.594833317473,100.75962829589844,60.11810640009382,0.0,0.0
90120142344407.bmp,true,"[np.int32(106), np.int32(571), np.int32(150), np.int32(662)]",73,99,0,1,0.6745769754611141,0.5524425287356322,825.5602317362122,98.46166229248047,69.9478070407773,0.012625,0.0
90120142344408.bmp,true,"[np.int32(92), np.int32(528), np.int32(143), np.int32(684)]",55,100,0,2,0.7531950719412638,0.6433939770901363,1074.9061183927176,102.29299926757812,67.37624957383115,0.005474391455261777,0.0
90120142344409.bmp,true,"[np.int32(49), np.int32(469), np.int32(176), np.int32(684)]",34,100,0,2,0.8473536701567316,0.7234588224067182,999.2717044781092,103.43053436279297,68.37036886330732,0.00606005843197494,0.0
90120142344410.bmp,true,"[np.int32(85), np.int32(431), np.int32(129), np.int32(654)]",19,100,0,2,0.9158397587016958,0.8013572987434836,962.4531252103901,104.44734954833984,62.501729804965294,0.1387446110383591,0.0
90120143573601.bmp,true,"[np.int32(206), np.int32(741), np.int32(240), np.int32(782)]",77,89,0,2,0.7258643006414011,0.5373400781542744,915.6651321388418,99.38409423828125,63.14181927323366,0.1953841102732611,0.0
90120143573602.bmp,false,"[np.int32(149), np.int32(601), np.int32(261), np.int32(735)]",65,92,0,1,0.5951083738007817,0.4056344238269121,1161.090417506663,96.70298767089844,64.01356304328465,0.15751972724415034,0.0
90120143573603.bmp,false,"[np.int32(191), np.int32(617), np.int32(225), np.int32(826)]",62,100,0,1,0.6800605152969222,0.504500643920843,1191.7562517822428,98.44403076171875,69.82133727981793,0.16627165412931222,0.0
90120143573604.bmp,false,"[np.int32(298), np.int32(750), np.int32(242), np.int32(830)]",45,100,0,1,0.8322181619088849,0.6918824363805733,1005.2876216929901,101.12548065185547,76.40458524029391,0.3226578300651175,0.0
90120143573605.bmp,true,"[np.int32(78), np.int32(499), np.int32(190), np.int32(733)]",70,100,0,1,0.8068418644843186,0.6142875004465402,808.4636823823025,103.45577239990234,69.44674956500842,0.13032967503155551,0.0
90120143573606.bmp,true,"[np.int32(103), np.int32(557), np.int32(235), np.int32(735)]",39,100,0,2,0.5987441119970527,0.45084659282303285,1027.1113819009684,100.11024475097656,64.50684293542089,0.02540729366132989,0.0
90120143573607.bmp,true,"[np.int32(54), np.int32(414), np.int32(218), np.int32(740)]",76,71,0,2,0.7416758979843895,0.6025426183382986,847.4499274534082,101.25346374511719,61.432006321744886,0.10040667089504907,0.0
90120143573608.bmp,false,"[np.int32(165), np.int32(596), np.int32(176), np.int32(771)]",76,95,0,1,0.7055261519302615,0.5289181934881549,1046.5480728917878,100.6238021850586,65.61822744258545,0.0836292322651837,0.0
90120143573609.bmp,false,"[np.int32(254), np.int32(675), np.int32(170), np.int32(709)]",64,100,0,3,0.8197667239192178,0.6780735421567413,965.5223556626164,100.41090393066406,70.38316992026921,0.3741697963110281,0.0
90120143573610.bmp,true,"[np.int32(133), np.int32(570), np.int32(200), np.int32(646)]",61,78,0,2,0.8111702939803606,0.6657560633292995,870.0540965460472,103.02091217041016,68.07931100453936,0.16472228179283724,0.0
90120146617801.bmp,true,"[np.int32(33), np.int32(582), np.int32(60), np.int32(701)]",11,100,0,6,0.7297233714001117,0.5740293030196837,514.5716201077366,102.88652038574219,29.068193025645613,0.01457103378972491,0.0
90120146617802.bmp,true,"[np.int32(92), np.int32(516), np.int32(48), np.int32(599)]",26,100,0,2,0.7394631969620531,0.5455909510618652,613.6117100329639,102.30419921875,30.804445103205865,0.04268368932848219,0.0
90120146617803.bmp,true,"[np.int32(126), np.int32(585), np.int32(80), np.int32(552)]",3,100,0,3,0.7586554961138589,0.6270499618611747,754.4275694885229,103.12306213378906,35.4105588645473,0.018873220110644722,0.0
90120146617804.bmp,true,"[np.int32(98), np.int32(545), np.int32(98), np.int32(532)]",8,100,0,3,0.6962506003099332,0.5605299660400823,578.2518519684643,103.68843078613281,29.25274966517184,0.017700528446533848,0.0
90120146617805.bmp,true,"[np.int32(18), np.int32(387), np.int32(80), np.int32(572)]",3,100,0,2,0.7074600646584794,0.5903611797951254,596.9861405329414,103.98457336425781,32.594672094066,0.0004370088202946896,0.0
90120146617806.bmp,true,"[np.int32(41), np.int32(631), np.int32(25), np.int32(631)]",17,100,0,5,0.7847360726413287,0.5805438932946319,580.5499474834215,101.38465118408203,35.203731096519654,0.004612339729799501,0.0
90120146617807.bmp,false,"[np.int32(61), np.int32(495), np.int32(74), np.int32(546)]",33,100,0,1,0.4941063911213165,0.34660402684563757,576.0186190933903,102.70295715332031,28.596576800885376,0.0036482560033355483,0.0
90120146617808.bmp,true,"[np.int32(34), np.int32(504), np.int32(63), np.int32(564)]",10,100,0,2,0.8722161718089174,0.7806398869990906,852.4437039697216,103.62832641601562,37.96044198718807,0.00044439685174278525,0.0
90120146617809.bmp,true,"[np.int32(0), np.int32(516), np.int32(22), np.int32(502)]",2,100,0,2,0.6736113366459896,0.41369257363207235,840.4865279092138,103.86912536621094,40.246803065781044,0.006204984864476171,0.0
90120146617810.bmp,true,"[np.int32(101), np.int32(547), np.int32(66), np.int32(552)]",0,100,0,2,0.7633381236132741,0.6662782886173741,758.6687739232145,102.15797424316406,40.41750299447271,0.0028929416134013566,0.0
90120375593201.bmp,true,"[np.int32(19), np.int32(601), np.int32(126), np.int32(722)]",41,100,0,5,0.809617462754157,0.7521955605780302,529.8519153945847,103.51054382324219,51.32999878092224,0.01815265671897445,0.0
90120375593202.bmp,true,"[np.int32(0), np.int32(571), np.int32(181), np.int32(710)]",18,100,0,5,0.6794045137648834,0.5758390172848384,628.1789556122194,102.62003326416016,61.613136250108354,0.006873619266737635,0.0
90120375593203.bmp,true,"[np.int32(31), np.int32(522), np.int32(91), np.int32(725)]",42,100,0,3,0.8791035541975785,0.7277814469859327,612.0383641559587,104.68946838378906,62.38105118211862,0.21217153773203923,0.0
90120375593204.bmp,true,"[np.int32(30), np.int32(546), np.int32(63), np.int32(745)]",29,100,0,5,0.8749142416605172,0.7004522444233884,635.8690894590889,101.62139892578125,60.16282257259319,0.2425657284012776,0.0
90120375593205.bmp,true,"[np.int32(95), np.int32(561), np.int32(104), np.int32(751)]",22,100,0,4,0.9047916107822159,0.7550182196772515,576.2560510130547,100.53602600097656,55.098960535181945,0.3010483837608527,0.0
90120375593206.bmp,true,"[np.int32(0), np.int32(680), np.int32(72), np.int32(708)]",40,100,0,0,0.8115935887959297,0.6901155652823743,621.3714901301703,100.7340087890625,58.54112556238875,0.0004251795824288943,0.0
90120375593207.bmp,true,"[np.int32(41), np.int32(617), np.int32(85), np.int32(747)]",40,100,0,5,0.7487415351054805,0.6731687612446816,537.0637121595081,101.66661834716797,58.715354207642925,0.0003674984381316379,0.0
90120375593208.bmp,true,"[np.int32(3), np.int32(512), np.int32(95), np.int32(819)]",38,100,0,4,0.7095109099117934,0.6470616682141752,608.0287057128068,102.92718505859375,60.284237853379224,0.00885460286005245,0.0
90120375593209.bmp,true,"[np.int32(25), np.int32(522), np.int32(199), np.int32(811)]",34,100,0,5,0.9008357086159618,0.7898377938059536,550.7414202044596,103.82080841064453,63.56739739839009,0.0792770496689639,0.0
90120375593210.bmp,true,"[np.int32(26), np.int32(572), np.int32(153), np.int32(731)]",38,100,0,4,0.8925724082633099,0.6883521356177607,510.50302544218863,103.17774963378906,57.0889986394606,0.03428943706290607,0.0
90121313740901.bmp,true,"[np.int32(54), np.int32(732), np.int32(67), np.int32(723)]",41,100,0,4,0.12112645002009031,0.11741835147744946,404.0367463899243,103.39806365966797,45.14677493020718,0.02438075476591882,0.0
90121313740902.bmp,true,"[np.int32(0), np.int32(484), np.int32(174), np.int32(836)]",46,100,0,5,0.6124193305290273,0.4921491680100068,380.7249555335457,102.4873046875,41.909737947141366,0.23420757271487314,0.0
90121313740903.bmp,true,"[np.int32(27), np.int32(500), np.int32(130), np.int32(842)]",34,100,0,7,0.5433092596016658,0.45255664055316486,434.18515596432553,103.114501953125,40.990924127824,0.28996998745552705,0.0
90121313740904.bmp,true,"[np.int32(1), np.int32(483), np.int32(108), np.int32(827)]",44,100,0,5,0.4736234868963676,0.4112985695654874,434.60784673717546,103.10504150390625,41.55444544773716,0.18762847713342762,0.0
90121313740905.bmp,true,"[np.int32(28), np.int32(532), np.int32(145), np.int32(808)]",33,100,0,2,0.19638633107257542,0.1283979754322111,300.7047353630013,104.77175903320312,40.98553243147076,0.018346538511494998,0.0
90121313740906.bmp,true,"[np.int32(0), np.int32(644), np.int32(78), np.int32(744)]",37,100,0,3,0.6259461997411907,0.4486980577582952,539.9891715960728,103.38953399658203,45.09619223490044,0.054571635648445256,0.0
90121313740907.bmp,false,"[np.int32(32), np.int32(473), np.int32(141), np.int32(799)]",33,100,0,5,0.5592597191326911,0.48109955681719435,462.69015870008104,103.05839538574219,41.01477333242872,0.003958053189012482,0.0
90121313740908.bmp,true,"[np.int32(14), np.int32(583), np.int32(81), np.int32(734)]",39,100,0,4,0.17779533398454253,0.1768961169111493,494.8613175061336,103.02593994140625,44.20400339944294,0.00007667852234589092,0.0
90121313740909.bmp,true,"[np.int32(8), np.int32(552), np.int32(40), np.int32(635)]",56,100,0,4,0.48616585823933234,0.4029912115505336,565.1450724967374,103.22057342529297,42.5488092591477,0.057813911472448055,0.0
90121313740910.bmp,true,"[np.int32(89), np.int32(514), np.int32(184), np.int32(676)]",67,69,0,2,0.7722136497091016,0.6518199233716475,612.9728779841918,101.48468780517578,41.21863401303455,0.060360879953860094,0.0
90122839829701.bmp,true,"[np.int32(10), np.int32(535), np.int32(122), np.int32(644)]",32,100,0,4,0.693128512737255,0.6254123567235114,422.7287022960644,101.20096588134766,51.62886591769293,0.005757263825450934,0.0
90122839829702.bmp,true,"[np.int32(41), np.int32(521), np.int32(182), np.int32(733)]",13,100,0,2,0.9170358365490677,0.7699214769525865,389.61449731514386,100.8480224609375,56.27445659857411,0.215016023195483,0.0
90122839829703.bmp,true,"[np.int32(0), np.int32(466), np.int32(123), np.int32(711)]",13,100,0,3,0.7894346106120544,0.6914955385137049,391.3237746409272,101.82701873779297,62.496014386028726,0.045484485844024876,0.0
90122839829704.bmp,true,"[np.int32(71), np.int32(579), np.int32(134), np.int32(703)]",18,100,0,2,0.647580769608462,0.48642596716520664,337.61191536443755,101.6888427734375,63.952181172154056,0.004426361712577537,0.0
90122839829705.bmp,true,"[np.int32(31), np.int32(532), np.int32(209), np.int32(688)]",10,100,0,1,0.8992591992577265,0.7285524227708241,370.2033443219634,101.55506896972656,66.06104223020775,0.11016379960249469,0.0
90122839829706.bmp,true,"[np.int32(18), np.int32(578), np.int32(166), np.int32(711)]",26,100,0,5,0.7657974457466854,0.6178571428571429,413.55399732035505,98.99845886230469,57.41249249487979,0.00393897965537312,0.0
90122839829707.bmp,true,"[np.int32(32), np.int32(478), np.int32(242), np.int32(753)]",16,100,0,4,0.855584749369741,0.6875246652108711,265.59375289900476,101.4517822265625,60.01164376224077,0.10589117218233336,0.0
90122839829708.bmp,true,"[np.int32(62), np.int32(461), np.int32(269), np.int32(804)]",30,100,0,3,0.7228453616357355,0.531864092842879,446.15239574706726,102.2978286743164,55.40484368956371,0.09620336213512912,0.0
90122839829709.bmp,true,"[np.int32(83), np.int32(511), np.int32(240), np.int32(728)]",18,100,0,3,0.6781881718319133,0.5765174078258191,460.4770324109637,102.07595825195312,56.876006078169716,0.013499990439100256,0.0
90122839829710.bmp,true,"[np.int32(58), np.int32(427), np.int32(297), np.int32(687)]",22,83,0,2,0.666563481933484,0.5710346781751999,380.1914152170603,102.45355987548828,55.10202855015298,0.0018983670527851506,0.0
